{"RuleTriggered": 1, "Violations": 1, "Details": {"pin_memory": false, "num_workers": 0, "cores": 4, "dataloaders": 1, "dataloading_time": {"p25": 6.339416999999999, "p50": 6.679593, "p95": 7.010994, "probs": [1, 0, 0, 0, 0, 0, 0, 0, 0, 0, 0, 0, 0, 0, 0, 0, 0, 0, 0, 1, 0, 0, 0, 1, 0, 0, 0, 0, 0, 0, 0, 0, 0, 0, 0, 0, 1, 0, 0, 0, 0, 0, 0, 0, 0, 0, 0, 0, 0, 0, 0, 0, 0, 0, 1, 0, 0, 0, 0, 0, 0, 0, 0, 1, 2, 1, 0, 0, 0, 0, 0, 0, 0, 0, 0, 0, 0, 0, 0, 0, 0, 0, 0, 0, 0, 0, 0, 0, 0, 0, 1, 0, 0, 0, 0, 0, 0, 0, 0, 1], "binedges": [6.029856, 6.0401567, 6.0504574, 6.060758099999999, 6.071058799999999, 6.0813595, 6.0916602, 6.1019609, 6.1122616, 6.122562299999999, 6.1328629999999995, 6.1431637, 6.1534644, 6.1637651, 6.174065799999999, 6.184366499999999, 6.1946672, 6.2049679, 6.2152686, 6.2255693, 6.235869999999999, 6.2461706999999995, 6.2564714, 6.2667721, 6.2770728, 6.287373499999999, 6.2976741999999994, 6.3079749, 6.3182756, 6.3285763, 6.338877, 6.349177699999999, 6.3594783999999995, 6.3697791, 6.3800798, 6.3903805, 6.400681199999999, 6.4109818999999995, 6.4212826, 6.4315833, 6.441884, 6.4521847, 6.462485399999999, 6.4727860999999995, 6.4830868, 6.4933875, 6.5036882, 6.5139889, 6.5242895999999995, 6.5345903, 6.544891, 6.5551917, 6.5654924, 6.5757931, 6.5860937999999996, 6.5963945, 6.6066952, 6.6169959, 6.6272966, 6.6375972999999995, 6.647898, 6.6581987, 6.6684994, 6.6788001, 6.6891008, 6.6994015, 6.7097022, 6.7200029, 6.7303036, 6.7406043, 6.7509049999999995, 6.7612057, 6.7715064, 6.7818071, 6.7921078, 6.8024085, 6.8127092, 6.8230099, 6.8333106, 6.8436113, 6.853912, 6.8642126999999995, 6.8745134, 6.8848141, 6.8951148, 6.9054155, 6.9157162, 6.9260169, 6.9363176, 6.9466183, 6.956919, 6.9672197, 6.9775203999999995, 6.9878211, 6.9981218, 7.0084225, 7.0187232, 7.0290239, 7.0393246000000005, 7.0496253, 7.059926]}}, "Datapoints": 11, "RuleParameters": "min_threshold:70\nmax_threshold:200"}