{"RuleTriggered": 0, "Violations": 0, "Details": {"step_num": {"first": 1642675651882500, "last": 1642677109841120}, "job_start": 1642675506.466829, "job_end": 1642677119.966689}, "Datapoints": 81, "RuleParameters": "threshold:20"}