{"RuleTriggered": 0, "Violations": 0, "Details": {"ratio": {"cpu_functions": 100.0}, "phase": {"Step:ModeKeys.TRAIN": 99.50315231475489, "others": -5.266678643031028, "Step:ModeKeys.EVAL": 5.763526328276148}, "phase_time": {}, "CPU": {"aten::conv2d": 17.068418804954167, "aten::convolution": 17.0682095263991, "aten::_convolution": 17.06803677546585, "aten::mkldnn_convolution": 17.06742514378326, "aten::batch_norm": 5.458986204666624, "aten::_batch_norm_impl_index": 5.458627107933356, "aten::native_batch_norm": 5.4582964368306, "aten::max_pool2d": 2.7798627016504445, "aten::max_pool2d_with_indices": 2.7415170753785527, "enumerate(DataLoader)#_SingleProcessDataLoaderIter.__next__": 9.830620222938046}, "CPU_total": {"aten::conv2d": 124294963, "aten::convolution": 124293439, "aten::_convolution": 124292181, "aten::mkldnn_convolution": 124287727, "aten::batch_norm": 39753213, "aten::_batch_norm_impl_index": 39750598, "aten::native_batch_norm": 39748190, "aten::max_pool2d": 20243406, "aten::max_pool2d_with_indices": 19964167, "enumerate(DataLoader)#_SingleProcessDataLoaderIter.__next__": 71588153}, "general": {"DataLoaderIterInitialize": 0.00026729433473818667, "DataLoaderIter": 4.380090603342708, "Forward": 95.61964210232256}}, "Datapoints": 0, "RuleParameters": ""}